星,コメント
1,パンケーキが冷たく、サービスも最悪。二度と行きません。
1,パンケーキが冷たく、味も薄い。全体的に不満でした。
1,店内が汚くて不快。二度と行きたくない。
1,待たされた挙げ句、注文ミスが多かった。最悪
1,サービスがひどい。スタッフの態度にびっくり。
1,パンケーキが硬く、食べるのが苦痛。失望した。
1,注文したメニューが提供されず、対応も悪かった。
1,価格に見合わない内容。コスパが最悪。
1,味もサービスも全てにおいて期待外れ。残念
1,新鮮さが感じられず、非常に不快な体験だった。
1,周りが騒がしく、落ち着けない空間でした
2,味は普通。店員の対応が冷たく感じた。再訪は微妙。
2,パンケーキは普通。接客が冷たく、気分が良くなかった
2,味に特に特徴がなく、店内もイマイチでした。
2,期待していたほど美味しくなかった。再訪は不明。
2,価格に対して質がイマイチ。サービスも平凡。
2,店内が暗くて、料理もまあまあ。もう行かないかも。
2,味が普通すぎて、印象に残らなかった。サービスも可もなく不可もなく。
2,パンケーキはふわふわだったけど、全体的に中途半端な印象。
2,サービスが遅く、食事も平凡だった。特筆すべき点なし。
2,特に悪くも良くもない。わざわざ行くほどではない。
2,味もサービスも普通。特別感がない。
3,普通のパンケーキ屋さん。特に印象に残らない
3,普通のパンケーキ屋さん。美味しいけど印象に残らない。
3,パンケーキはフワフワで美味しいけど、もう少し工夫が欲しい。
3,スタッフは感じが良かったけど、特に目立った点はなし。
3,食事は良かったけど、店内の雰囲気が少し残念だった。
3,期待通りの味。特に悪くも良くもない。
3,パンケーキはまあまあ。リピートするほどではない。
3,サービスも味も標準的。特に印象には残らない。
3,店内の雰囲気は普通。パンケーキは美味しかったが特別感なし。
3,特に問題はないが、また来たいと思うほどではない。
3,料理とサービスが普通。平均的な体験だった。
4,パンケーキがふわふわで美味しい。接客も良かったです。
4,パンケーキがふわふわで美味しい。サービスも良かったです。
4,店内が落ち着いていて、パンケーキも素晴らしい！
4,期待以上の味で、接客も丁寧。再訪したい。
4,パンケーキが柔らかくて美味しい。雰囲気も良かった。
4,サービスが良く、パンケーキがふわっとしていて満足。
4,全体的に良い印象。もう少しメニューが豊富だとさらに良い。
4,料理のクオリティが高く、心地よい時間を過ごせた
4,美味しいパンケーキと良い接客。リラックスできる空間。
4,パンケーキもサービスも良いが、少し混雑していた。
4,落ち着いた雰囲気で、美味しいパンケーキを楽しめた。
5,最高のパンケーキ！フワフワで美味しく、店内も素敵でした。
5,最高のパンケーキ！フワフワで、店内もおしゃれで落ち着ける。
5,すべてが完璧。美味しいパンケーキと素晴らしいサービス！
5,パンケーキが絶品で、サービスも丁寧。大満足です。
5,店内の雰囲気が素敵で、パンケーキも最高に美味しい。
5,最高の体験でした。パンケーキもスタッフも素晴らしい！
5,フワフワのパンケーキと心地よいサービスで最高のひととき。
5,美味しいパンケーキと親切な接客。ぜひまた来たいです！
5,全てが完璧。料理もサービスも一流で大満足。
5,パンケーキが絶妙に美味しく、店内もとても良かったです。
5,夢のようなパンケーキ体験！最高の時間を過ごせました。
